timestamp,hr_35,prt_35,spv_35
2023-03-28 07:05:17,0.5238095238095238,0.6190476190476191,0.4782608695652174
2023-03-28 07:05:18,0.5,0.6190476190476191,0.4782608695652174
2023-03-28 07:05:19,0.4761904761904761,0.5952380952380952,0.4782608695652174
2023-03-28 07:05:20,0.4523809523809524,0.5714285714285714,0.4782608695652174
2023-03-28 07:05:21,0.4285714285714285,0.5238095238095238,0.5217391304347826
2023-03-28 07:05:22,0.4285714285714285,0.5238095238095238,0.5217391304347826
2023-03-28 07:05:23,0.4285714285714285,0.4761904761904761,0.5217391304347826
2023-03-28 07:05:24,0.4285714285714285,0.4761904761904761,0.5217391304347826
2023-03-28 07:05:25,0.4285714285714285,0.4761904761904761,0.5217391304347826
2023-03-28 07:05:26,0.4285714285714285,0.4761904761904761,0.5652173913043478
2023-03-28 07:05:27,0.4285714285714285,0.4285714285714285,0.6086956521739131
2023-03-28 07:05:28,0.4285714285714285,0.4285714285714285,0.6086956521739131
2023-03-28 07:05:29,0.5,0.4285714285714285,0.6521739130434783
2023-03-28 07:05:30,0.5,0.4761904761904761,0.6521739130434783
2023-03-28 07:05:31,0.5952380952380952,0.4761904761904761,0.6521739130434783
2023-03-28 07:05:32,0.5952380952380952,0.4761904761904761,0.6521739130434783
2023-03-28 07:05:33,0.5952380952380952,0.5238095238095238,0.6956521739130435
2023-03-28 07:05:34,0.5238095238095238,0.5238095238095238,0.6956521739130435
2023-03-28 07:05:35,0.5238095238095238,0.5238095238095238,0.6956521739130435
2023-03-28 07:05:36,0.4523809523809524,0.5238095238095238,0.6956521739130435
2023-03-28 07:05:37,0.4523809523809524,0.5238095238095238,0.6956521739130435
2023-03-28 07:05:38,0.4523809523809524,0.5714285714285714,0.7391304347826086
2023-03-28 07:05:39,0.4523809523809524,0.5238095238095238,0.6956521739130435
2023-03-28 07:05:40,0.4285714285714285,0.5238095238095238,0.6956521739130435
2023-03-28 07:05:41,0.4285714285714285,0.5238095238095238,0.6956521739130435
2023-03-28 07:05:42,0.4285714285714285,0.5,0.6956521739130435
2023-03-28 07:05:43,0.4285714285714285,0.4761904761904761,0.6956521739130435
2023-03-28 07:05:44,0.4047619047619047,0.4285714285714285,0.6956521739130435
2023-03-28 07:05:45,0.3809523809523809,0.3809523809523809,0.6956521739130435
2023-03-28 07:05:46,0.3809523809523809,0.3809523809523809,0.6956521739130435
2023-03-28 07:05:47,0.3809523809523809,0.3333333333333333,0.6956521739130435
2023-03-28 07:05:48,0.3809523809523809,0.3333333333333333,0.6956521739130435
2023-03-28 07:05:49,0.3809523809523809,0.3333333333333333,0.6956521739130435
2023-03-28 07:05:50,0.3809523809523809,0.3333333333333333,0.6956521739130435
2023-03-28 07:05:51,0.3809523809523809,0.3333333333333333,0.6739130434782609
2023-03-28 07:05:52,0.4285714285714285,0.3333333333333333,0.6521739130434783
2023-03-28 07:05:53,0.4285714285714285,0.3333333333333333,0.6521739130434783
2023-03-28 07:05:54,0.4285714285714285,0.3333333333333333,0.6521739130434783
2023-03-28 07:05:55,0.4285714285714285,0.3333333333333333,0.6521739130434783
2023-03-28 07:05:56,0.3809523809523809,0.3333333333333333,0.6521739130434783
2023-03-28 07:05:57,0.3809523809523809,0.2857142857142857,0.6521739130434783
2023-03-28 07:05:58,0.3809523809523809,0.2857142857142857,0.6521739130434783
2023-03-28 07:05:59,0.3809523809523809,0.2857142857142857,0.6521739130434783
2023-03-28 07:06:00,0.3809523809523809,0.2857142857142857,0.6521739130434783
2023-03-28 07:06:01,0.3809523809523809,0.2857142857142857,0.6521739130434783
2023-03-28 07:06:02,0.3809523809523809,0.2857142857142857,0.6521739130434783
2023-03-28 07:06:03,0.3809523809523809,0.3333333333333333,0.6521739130434783
2023-03-28 07:06:04,0.3809523809523809,0.2857142857142857,0.6086956521739131
2023-03-28 07:06:05,0.3809523809523809,0.2857142857142857,0.6086956521739131
2023-03-28 07:06:06,0.3809523809523809,0.2857142857142857,0.6086956521739131
2023-03-28 07:06:07,0.3809523809523809,0.2857142857142857,0.6521739130434783
2023-03-28 07:06:08,0.3809523809523809,0.2857142857142857,0.6521739130434783
2023-03-28 07:06:09,0.3809523809523809,0.2857142857142857,0.6521739130434783
2023-03-28 07:06:10,0.4285714285714285,0.2857142857142857,0.6521739130434783
2023-03-28 07:06:11,0.4285714285714285,0.3333333333333333,0.6521739130434783
2023-03-28 07:06:12,0.4523809523809524,0.3333333333333333,0.6521739130434783
2023-03-28 07:06:13,0.4523809523809524,0.3333333333333333,0.6521739130434783
2023-03-28 07:06:14,0.4523809523809524,0.3333333333333333,0.6521739130434783
2023-03-28 07:06:15,0.4285714285714285,0.3333333333333333,0.6521739130434783
2023-03-28 07:06:16,0.4047619047619047,0.3333333333333333,0.6521739130434783
2023-03-28 07:06:17,0.4047619047619047,0.3333333333333333,0.6521739130434783
2023-03-28 07:06:18,0.4047619047619047,0.3809523809523809,0.6521739130434783
2023-03-28 07:06:19,0.4761904761904761,0.4285714285714285,0.6521739130434783
2023-03-28 07:06:20,0.4761904761904761,0.4523809523809524,0.6521739130434783
2023-03-28 07:06:21,0.5357142857142857,0.4761904761904761,0.6521739130434783
2023-03-28 07:06:22,0.5952380952380952,0.5238095238095238,0.6521739130434783
2023-03-28 07:06:23,0.7142857142857143,0.6190476190476191,0.6521739130434783
2023-03-28 07:06:24,0.6428571428571429,0.6190476190476191,0.6521739130434783
2023-03-28 07:06:25,0.5714285714285714,0.6190476190476191,0.6521739130434783
2023-03-28 07:06:26,0.5,0.6190476190476191,0.6521739130434783
2023-03-28 07:06:27,0.4047619047619047,0.6190476190476191,0.6521739130434783
2023-03-28 07:06:28,0.4047619047619047,0.6666666666666666,0.6086956521739131
2023-03-28 07:06:29,0.4047619047619047,0.6666666666666666,0.6086956521739131
2023-03-28 07:06:30,0.4761904761904761,0.6666666666666666,0.6086956521739131
2023-03-28 07:06:31,0.4761904761904761,0.6666666666666666,0.6086956521739131
2023-03-28 07:06:32,0.5,0.6666666666666666,0.6086956521739131
2023-03-28 07:06:33,0.5,0.6428571428571429,0.6086956521739131
2023-03-28 07:06:34,0.5,0.5714285714285714,0.6086956521739131
2023-03-28 07:06:35,0.4761904761904761,0.5714285714285714,0.6086956521739131
2023-03-28 07:06:36,0.4761904761904761,0.4761904761904761,0.6086956521739131
2023-03-28 07:06:37,0.4523809523809524,0.4761904761904761,0.6086956521739131
2023-03-28 07:06:38,0.4523809523809524,0.4285714285714285,0.6086956521739131
2023-03-28 07:06:39,0.4523809523809524,0.4285714285714285,0.6086956521739131
2023-03-28 07:06:40,0.4523809523809524,0.4285714285714285,0.6086956521739131
2023-03-28 07:06:41,0.4761904761904761,0.4761904761904761,0.6086956521739131
2023-03-28 07:06:42,0.4523809523809524,0.4761904761904761,0.6086956521739131
2023-03-28 07:06:43,0.4523809523809524,0.4761904761904761,0.6086956521739131
2023-03-28 07:06:44,0.4523809523809524,0.4285714285714285,0.6086956521739131
2023-03-28 07:06:45,0.4285714285714285,0.4285714285714285,0.6086956521739131
2023-03-28 07:06:46,0.4285714285714285,0.4285714285714285,0.6086956521739131
2023-03-28 07:06:47,0.4047619047619047,0.4285714285714285,0.6086956521739131
2023-03-28 07:06:48,0.4047619047619047,0.3809523809523809,0.6086956521739131
2023-03-28 07:06:49,0.4047619047619047,0.4285714285714285,0.6086956521739131
2023-03-28 07:06:50,0.4523809523809524,0.4285714285714285,0.6086956521739131
2023-03-28 07:06:51,0.5,0.4285714285714285,0.6521739130434783
2023-03-28 07:06:52,0.5,0.4285714285714285,0.6521739130434783
2023-03-28 07:06:53,0.5,0.4285714285714285,0.6521739130434783
2023-03-28 07:06:54,0.5,0.4285714285714285,0.6521739130434783
2023-03-28 07:06:55,0.5,0.4285714285714285,0.6521739130434783
2023-03-28 07:06:56,0.4761904761904761,0.4285714285714285,0.6956521739130435
2023-03-28 07:06:57,0.4761904761904761,0.4285714285714285,0.6956521739130435
2023-03-28 07:06:58,0.4761904761904761,0.4285714285714285,0.6956521739130435
2023-03-28 07:06:59,0.4761904761904761,0.4285714285714285,0.6956521739130435
2023-03-28 07:07:00,0.4761904761904761,0.4285714285714285,0.6956521739130435
2023-03-28 07:07:01,0.4761904761904761,0.4761904761904761,0.7391304347826086
2023-03-28 07:07:02,0.4761904761904761,0.4761904761904761,0.7391304347826086
2023-03-28 07:07:03,0.4761904761904761,0.4761904761904761,0.7391304347826086
2023-03-28 07:07:04,0.4761904761904761,0.4285714285714285,0.782608695652174
2023-03-28 07:07:05,0.4523809523809524,0.4285714285714285,0.782608695652174
2023-03-28 07:07:06,0.4523809523809524,0.4285714285714285,0.782608695652174
2023-03-28 07:07:07,0.4523809523809524,0.4285714285714285,0.782608695652174
2023-03-28 07:07:08,0.4523809523809524,0.4285714285714285,0.782608695652174
2023-03-28 07:07:09,0.4523809523809524,0.4761904761904761,0.782608695652174
2023-03-28 07:07:10,0.4761904761904761,0.4761904761904761,0.782608695652174
2023-03-28 07:07:11,0.4761904761904761,0.4761904761904761,0.782608695652174
2023-03-28 07:07:12,0.5,0.4761904761904761,0.782608695652174
2023-03-28 07:07:13,0.5238095238095238,0.4761904761904761,0.782608695652174
2023-03-28 07:07:14,0.5238095238095238,0.4761904761904761,0.782608695652174
2023-03-28 07:07:15,0.5238095238095238,0.4761904761904761,0.782608695652174
2023-03-28 07:07:16,0.4761904761904761,0.4761904761904761,0.7391304347826086
2023-03-28 07:07:17,0.4761904761904761,0.4761904761904761,0.7391304347826086
2023-03-28 07:07:18,0.4523809523809524,0.4761904761904761,0.7391304347826086
2023-03-28 07:07:19,0.4285714285714285,0.4761904761904761,0.7391304347826086
2023-03-28 07:07:20,0.4761904761904761,0.5238095238095238,0.782608695652174
2023-03-28 07:07:21,0.4761904761904761,0.5238095238095238,0.782608695652174
2023-03-28 07:07:22,0.5238095238095238,0.5238095238095238,0.7391304347826086
2023-03-28 07:07:23,0.5238095238095238,0.5238095238095238,0.7391304347826086
2023-03-28 07:07:24,0.5238095238095238,0.5238095238095238,0.7391304347826086
2023-03-28 07:07:25,0.5238095238095238,0.5238095238095238,0.7391304347826086
2023-03-28 07:07:26,0.5,0.5238095238095238,0.7391304347826086
2023-03-28 07:07:27,0.4761904761904761,0.5238095238095238,0.7391304347826086
2023-03-28 07:07:28,0.4761904761904761,0.5238095238095238,0.7391304347826086
2023-03-28 07:07:29,0.4761904761904761,0.5238095238095238,0.782608695652174
2023-03-28 07:07:30,0.5,0.5714285714285714,0.782608695652174
2023-03-28 07:07:31,0.5,0.5714285714285714,0.782608695652174
2023-03-28 07:07:32,0.5476190476190477,0.5714285714285714,0.782608695652174
2023-03-28 07:07:33,0.5476190476190477,0.5714285714285714,0.782608695652174
2023-03-28 07:07:34,0.5476190476190477,0.5714285714285714,0.7391304347826086
2023-03-28 07:07:35,0.5476190476190477,0.5714285714285714,0.7391304347826086
2023-03-28 07:07:36,0.5476190476190477,0.5714285714285714,0.7391304347826086
2023-03-28 07:07:37,0.5238095238095238,0.5714285714285714,0.7391304347826086
2023-03-28 07:07:38,0.5238095238095238,0.5714285714285714,0.7391304347826086
2023-03-28 07:07:39,0.5238095238095238,0.5714285714285714,0.7608695652173914
2023-03-28 07:07:40,0.5238095238095238,0.5714285714285714,0.782608695652174
2023-03-28 07:07:41,0.5238095238095238,0.5714285714285714,0.7391304347826086
2023-03-28 07:07:42,0.5238095238095238,0.5714285714285714,0.7391304347826086
2023-03-28 07:07:43,0.5238095238095238,0.5714285714285714,0.7391304347826086
2023-03-28 07:07:44,0.5238095238095238,0.5714285714285714,0.7391304347826086
2023-03-28 07:07:45,0.5238095238095238,0.5714285714285714,0.7391304347826086
2023-03-28 07:07:46,0.5238095238095238,0.5238095238095238,0.7391304347826086
2023-03-28 07:07:47,0.5238095238095238,0.5238095238095238,0.7391304347826086
2023-03-28 07:07:48,0.5238095238095238,0.5238095238095238,0.7391304347826086
2023-03-28 07:07:49,0.5238095238095238,0.5238095238095238,0.7391304347826086
2023-03-28 07:07:50,0.5476190476190477,0.5714285714285714,0.7391304347826086
2023-03-28 07:07:51,0.5476190476190477,0.5714285714285714,0.7391304347826086
2023-03-28 07:07:52,0.5476190476190477,0.5714285714285714,0.6956521739130435
2023-03-28 07:07:53,0.5238095238095238,0.5714285714285714,0.6956521739130435
2023-03-28 07:07:54,0.5238095238095238,0.5714285714285714,0.717391304347826
2023-03-28 07:07:55,0.5,0.5714285714285714,0.7391304347826086
2023-03-28 07:07:56,0.4761904761904761,0.5714285714285714,0.7391304347826086
2023-03-28 07:07:57,0.4761904761904761,0.5714285714285714,0.7391304347826086
2023-03-28 07:07:58,0.4761904761904761,0.5714285714285714,0.7391304347826086
2023-03-28 07:07:59,0.5,0.5714285714285714,0.7391304347826086
2023-03-28 07:08:00,0.5238095238095238,0.5714285714285714,0.7391304347826086
2023-03-28 07:08:01,0.5476190476190477,0.6190476190476191,0.7391304347826086
2023-03-28 07:08:02,0.5714285714285714,0.6190476190476191,0.7391304347826086
2023-03-28 07:08:03,0.5714285714285714,0.6190476190476191,0.7391304347826086
2023-03-28 07:08:04,0.5714285714285714,0.5952380952380952,0.7608695652173914
2023-03-28 07:08:05,0.5714285714285714,0.5714285714285714,0.782608695652174
2023-03-28 07:08:06,0.5714285714285714,0.6190476190476191,0.782608695652174
2023-03-28 07:08:07,0.5476190476190477,0.6190476190476191,0.782608695652174
2023-03-28 07:08:08,0.5714285714285714,0.6190476190476191,0.7391304347826086
2023-03-28 07:08:09,0.5714285714285714,0.6666666666666666,0.7391304347826086
2023-03-28 07:08:10,0.5952380952380952,0.6666666666666666,0.7391304347826086
2023-03-28 07:08:11,0.5952380952380952,0.6666666666666666,0.7391304347826086
2023-03-28 07:08:12,0.5952380952380952,0.6666666666666666,0.7391304347826086
2023-03-28 07:08:13,0.5952380952380952,0.6666666666666666,0.7391304347826086
2023-03-28 07:08:14,0.5952380952380952,0.6666666666666666,0.7391304347826086
2023-03-28 07:08:15,0.5714285714285714,0.6666666666666666,0.7391304347826086
2023-03-28 07:08:16,0.5476190476190477,0.6666666666666666,0.7391304347826086
2023-03-28 07:08:17,0.5238095238095238,0.6666666666666666,0.7391304347826086
2023-03-28 07:08:18,0.5238095238095238,0.6666666666666666,0.7391304347826086
2023-03-28 07:08:19,0.5238095238095238,0.6190476190476191,0.7391304347826086
2023-03-28 07:08:20,0.5238095238095238,0.6190476190476191,0.7391304347826086
2023-03-28 07:08:21,0.5238095238095238,0.6190476190476191,0.7391304347826086
2023-03-28 07:08:22,0.5476190476190477,0.6190476190476191,0.7391304347826086
2023-03-28 07:08:23,0.5714285714285714,0.6190476190476191,0.6956521739130435
2023-03-28 07:08:24,0.5714285714285714,0.6190476190476191,0.6956521739130435
2023-03-28 07:08:25,0.5714285714285714,0.6190476190476191,0.6956521739130435
2023-03-28 07:08:26,0.5714285714285714,0.6190476190476191,0.6956521739130435
2023-03-28 07:08:27,0.5714285714285714,0.6190476190476191,0.6956521739130435
2023-03-28 07:08:28,0.5714285714285714,0.6190476190476191,0.7391304347826086
2023-03-28 07:08:29,0.6428571428571429,0.6904761904761905,0.7391304347826086
2023-03-28 07:08:30,0.6428571428571429,0.7261904761904762,0.7391304347826086
2023-03-28 07:08:31,0.7142857142857143,0.7619047619047619,0.7391304347826086
2023-03-28 07:08:32,0.7619047619047619,0.8095238095238095,0.7391304347826086
2023-03-28 07:08:33,0.7619047619047619,0.8571428571428571,0.7391304347826086
2023-03-28 07:08:34,0.7619047619047619,0.8571428571428571,0.7391304347826086
2023-03-28 07:08:35,0.7380952380952381,0.8571428571428571,0.6956521739130435
2023-03-28 07:08:36,0.5952380952380952,0.8571428571428571,0.6956521739130435
2023-03-28 07:08:37,0.5952380952380952,0.8571428571428571,0.6956521739130435
2023-03-28 07:08:38,0.4523809523809524,0.8571428571428571,0.6739130434782609
2023-03-28 07:08:39,0.4523809523809524,0.8571428571428571,0.6521739130434783
2023-03-28 07:08:40,0.4285714285714285,0.8333333333333334,0.6304347826086957
2023-03-28 07:08:41,0.4285714285714285,0.8095238095238095,0.6086956521739131
2023-03-28 07:08:42,0.4523809523809524,0.8095238095238095,0.6086956521739131
2023-03-28 07:08:43,0.4523809523809524,0.7619047619047619,0.6086956521739131
2023-03-28 07:08:44,0.4523809523809524,0.7142857142857143,0.6086956521739131
2023-03-28 07:08:45,0.4047619047619047,0.6666666666666666,0.6086956521739131
2023-03-28 07:08:46,0.4047619047619047,0.5714285714285714,0.6086956521739131
2023-03-28 07:08:47,0.4047619047619047,0.5238095238095238,0.6086956521739131
2023-03-28 07:08:48,0.4285714285714285,0.4761904761904761,0.6086956521739131
2023-03-28 07:08:49,0.4761904761904761,0.4761904761904761,0.6086956521739131
2023-03-28 07:08:50,0.5,0.4761904761904761,0.6086956521739131
2023-03-28 07:08:51,0.5,0.5238095238095238,0.6304347826086957
2023-03-28 07:08:52,0.5079365079365078,0.5238095238095238,0.6521739130434783
2023-03-28 07:08:53,0.515873015873016,0.5238095238095238,0.6521739130434783
2023-03-28 07:08:54,0.5238095238095238,0.4761904761904761,0.6521739130434783
2023-03-28 07:08:55,0.4761904761904761,0.4761904761904761,0.6521739130434783
2023-03-28 07:08:56,0.4761904761904761,0.4761904761904761,0.6521739130434783
2023-03-28 07:08:57,0.4761904761904761,0.4761904761904761,0.6521739130434783
2023-03-28 07:08:58,0.5,0.5238095238095238,0.6521739130434783
2023-03-28 07:08:59,0.5,0.5238095238095238,0.6521739130434783
2023-03-28 07:09:00,0.5,0.5476190476190477,0.6521739130434783
2023-03-28 07:09:01,0.5,0.5714285714285714,0.6521739130434783
2023-03-28 07:09:02,0.5,0.5238095238095238,0.6521739130434783
2023-03-28 07:09:03,0.4761904761904761,0.5238095238095238,0.6521739130434783
2023-03-28 07:09:04,0.4761904761904761,0.5238095238095238,0.6521739130434783
2023-03-28 07:09:05,0.4285714285714285,0.4761904761904761,0.6521739130434783
2023-03-28 07:09:06,0.4285714285714285,0.4761904761904761,0.6521739130434783
2023-03-28 07:09:07,0.4285714285714285,0.4761904761904761,0.6521739130434783
2023-03-28 07:09:08,0.4285714285714285,0.4761904761904761,0.6521739130434783
2023-03-28 07:09:09,0.4761904761904761,0.4761904761904761,0.6521739130434783
2023-03-28 07:09:10,0.5238095238095238,0.4761904761904761,0.6521739130434783
2023-03-28 07:09:11,0.5238095238095238,0.5238095238095238,0.6521739130434783
2023-03-28 07:09:12,0.5238095238095238,0.5238095238095238,0.6521739130434783
2023-03-28 07:09:13,0.5238095238095238,0.5238095238095238,0.6521739130434783
2023-03-28 07:09:14,0.5238095238095238,0.4761904761904761,0.6521739130434783
2023-03-28 07:09:15,0.5,0.4761904761904761,0.6521739130434783
2023-03-28 07:09:16,0.4761904761904761,0.4761904761904761,0.6956521739130435
2023-03-28 07:09:17,0.4761904761904761,0.4761904761904761,0.6956521739130435
2023-03-28 07:09:18,0.4761904761904761,0.4761904761904761,0.6956521739130435
2023-03-28 07:09:19,0.4761904761904761,0.5238095238095238,0.6956521739130435
2023-03-28 07:09:20,0.5,0.5238095238095238,0.6956521739130435
2023-03-28 07:09:21,0.5,0.5714285714285714,0.6956521739130435
2023-03-28 07:09:22,0.5476190476190477,0.5714285714285714,0.6956521739130435
2023-03-28 07:09:23,0.5476190476190477,0.5714285714285714,0.6956521739130435
2023-03-28 07:09:24,0.5476190476190477,0.5714285714285714,0.6956521739130435
2023-03-28 07:09:25,0.5476190476190477,0.5714285714285714,0.6956521739130435
2023-03-28 07:09:26,0.5476190476190477,0.5714285714285714,0.6956521739130435
2023-03-28 07:09:27,0.5,0.5714285714285714,0.6956521739130435
2023-03-28 07:09:28,0.4523809523809524,0.5238095238095238,0.6956521739130435
2023-03-28 07:09:29,0.4523809523809524,0.5238095238095238,0.6521739130434783
2023-03-28 07:09:30,0.4523809523809524,0.5714285714285714,0.6521739130434783
2023-03-28 07:09:31,0.4761904761904761,0.5714285714285714,0.6521739130434783
2023-03-28 07:09:32,0.5238095238095238,0.5714285714285714,0.6521739130434783
2023-03-28 07:09:33,0.5238095238095238,0.5714285714285714,0.6521739130434783
2023-03-28 07:09:34,0.5238095238095238,0.5238095238095238,0.6521739130434783
2023-03-28 07:09:35,0.4761904761904761,0.5238095238095238,0.6521739130434783
2023-03-28 07:09:36,0.4761904761904761,0.4761904761904761,0.6521739130434783
2023-03-28 07:09:37,0.4285714285714285,0.4761904761904761,0.6521739130434783
2023-03-28 07:09:38,0.4285714285714285,0.4761904761904761,0.6521739130434783
2023-03-28 07:09:39,0.4761904761904761,0.4761904761904761,0.6521739130434783
2023-03-28 07:09:40,0.4761904761904761,0.5238095238095238,0.6521739130434783
2023-03-28 07:09:41,0.5476190476190477,0.5714285714285714,0.6521739130434783
2023-03-28 07:09:42,0.6428571428571429,0.6190476190476191,0.6521739130434783
2023-03-28 07:09:43,0.6904761904761905,0.6190476190476191,0.6521739130434783
2023-03-28 07:09:44,0.6904761904761905,0.6666666666666666,0.6521739130434783
2023-03-28 07:09:45,0.6904761904761905,0.6666666666666666,0.6521739130434783
2023-03-28 07:09:46,0.5714285714285714,0.6666666666666666,0.6521739130434783
2023-03-28 07:09:47,0.5714285714285714,0.6666666666666666,0.6521739130434783
2023-03-28 07:09:48,0.5238095238095238,0.6666666666666666,0.6521739130434783
2023-03-28 07:09:49,0.5238095238095238,0.7142857142857143,0.6521739130434783
2023-03-28 07:09:50,0.5238095238095238,0.7619047619047619,0.6521739130434783
2023-03-28 07:09:51,0.5714285714285714,0.7619047619047619,0.6086956521739131
2023-03-28 07:09:52,0.5714285714285714,0.7619047619047619,0.6086956521739131
2023-03-28 07:09:53,0.5714285714285714,0.7619047619047619,0.6086956521739131
2023-03-28 07:09:54,0.5476190476190477,0.7142857142857143,0.5652173913043478
2023-03-28 07:09:55,0.5476190476190477,0.6666666666666666,0.5652173913043478
2023-03-28 07:09:56,0.5,0.6666666666666666,0.5652173913043478
2023-03-28 07:09:57,0.4761904761904761,0.6190476190476191,0.5652173913043478
2023-03-28 07:09:58,0.4761904761904761,0.5714285714285714,0.5652173913043478
2023-03-28 07:09:59,0.4761904761904761,0.5714285714285714,0.5652173913043478
2023-03-28 07:10:00,0.5,0.6190476190476191,0.5652173913043478
2023-03-28 07:10:01,0.5476190476190477,0.6190476190476191,0.5652173913043478
2023-03-28 07:10:02,0.5476190476190477,0.6190476190476191,0.5652173913043478
2023-03-28 07:10:03,0.5714285714285714,0.6190476190476191,0.5652173913043478
2023-03-28 07:10:04,0.5714285714285714,0.6190476190476191,0.6086956521739131
2023-03-28 07:10:05,0.5476190476190477,0.5714285714285714,0.6086956521739131
2023-03-28 07:10:06,0.5476190476190477,0.5714285714285714,0.6086956521739131
2023-03-28 07:10:07,0.5238095238095238,0.5714285714285714,0.6086956521739131
2023-03-28 07:10:08,0.5238095238095238,0.5714285714285714,0.6086956521739131
2023-03-28 07:10:09,0.5238095238095238,0.6190476190476191,0.6086956521739131
2023-03-28 07:10:10,0.5238095238095238,0.6190476190476191,0.6086956521739131
2023-03-28 07:10:11,0.5476190476190477,0.6666666666666666,0.6086956521739131
2023-03-28 07:10:12,0.5476190476190477,0.6666666666666666,0.6086956521739131
2023-03-28 07:10:13,0.5476190476190477,0.6190476190476191,0.6521739130434783
2023-03-28 07:10:14,0.5476190476190477,0.6190476190476191,0.6086956521739131
2023-03-28 07:10:15,0.5238095238095238,0.6190476190476191,0.6086956521739131
2023-03-28 07:10:16,0.5238095238095238,0.6190476190476191,0.6086956521739131
2023-03-28 07:10:17,0.5238095238095238,0.6190476190476191,0.6521739130434783
2023-03-28 07:10:18,0.5238095238095238,0.6190476190476191,0.6521739130434783
2023-03-28 07:10:19,0.515873015873016,0.6190476190476191,0.6521739130434783
2023-03-28 07:10:20,0.5079365079365078,0.6190476190476191,0.6521739130434783
2023-03-28 07:10:21,0.5,0.6190476190476191,0.6521739130434783
2023-03-28 07:10:22,0.5,0.6190476190476191,0.6956521739130435
2023-03-28 07:10:23,0.4761904761904761,0.5714285714285714,0.6521739130434783
2023-03-28 07:10:24,0.4761904761904761,0.5714285714285714,0.6521739130434783
2023-03-28 07:10:25,0.5,0.5714285714285714,0.6521739130434783
2023-03-28 07:10:26,0.5,0.5714285714285714,0.6521739130434783
2023-03-28 07:10:27,0.5952380952380952,0.6190476190476191,0.6956521739130435
2023-03-28 07:10:28,0.6904761904761905,0.6190476190476191,0.6956521739130435
2023-03-28 07:10:29,0.6904761904761905,0.6666666666666666,0.6956521739130435
2023-03-28 07:10:30,0.6904761904761905,0.7142857142857143,0.6956521739130435
2023-03-28 07:10:31,0.6666666666666666,0.7142857142857143,0.6956521739130435
2023-03-28 07:10:32,0.6190476190476191,0.7142857142857143,0.6521739130434783
2023-03-28 07:10:33,0.6190476190476191,0.7142857142857143,0.6521739130434783
2023-03-28 07:10:34,0.5952380952380952,0.7380952380952381,0.6521739130434783
2023-03-28 07:10:35,0.5714285714285714,0.7619047619047619,0.6521739130434783
2023-03-28 07:10:36,0.5714285714285714,0.7619047619047619,0.6521739130434783
2023-03-28 07:10:37,0.5714285714285714,0.7619047619047619,0.6521739130434783
2023-03-28 07:10:38,0.5714285714285714,0.7619047619047619,0.6521739130434783
2023-03-28 07:10:39,0.5476190476190477,0.7619047619047619,0.6521739130434783
2023-03-28 07:10:40,0.5476190476190477,0.7380952380952381,0.6086956521739131
2023-03-28 07:10:41,0.5,0.6785714285714286,0.6086956521739131
2023-03-28 07:10:42,0.5,0.6190476190476191,0.6086956521739131
2023-03-28 07:10:43,0.4761904761904761,0.6190476190476191,0.6086956521739131
2023-03-28 07:10:44,0.4761904761904761,0.5714285714285714,0.6086956521739131
2023-03-28 07:10:45,0.4761904761904761,0.5714285714285714,0.6086956521739131
2023-03-28 07:10:46,0.5,0.5714285714285714,0.6086956521739131
2023-03-28 07:10:47,0.5238095238095238,0.5714285714285714,0.6086956521739131
2023-03-28 07:10:48,0.5476190476190477,0.5714285714285714,0.6086956521739131
2023-03-28 07:10:49,0.5396825396825398,0.5714285714285714,0.6304347826086957
2023-03-28 07:10:50,0.5317460317460316,0.5714285714285714,0.6521739130434783
2023-03-28 07:10:51,0.5238095238095238,0.5714285714285714,0.6086956521739131
2023-03-28 07:10:52,0.5238095238095238,0.5714285714285714,0.6086956521739131
2023-03-28 07:10:53,0.5238095238095238,0.6190476190476191,0.6521739130434783
2023-03-28 07:10:54,0.5238095238095238,0.6190476190476191,0.6521739130434783
2023-03-28 07:10:55,0.5714285714285714,0.6666666666666666,0.6521739130434783
2023-03-28 07:10:56,0.5714285714285714,0.6666666666666666,0.6521739130434783
2023-03-28 07:10:57,0.6190476190476191,0.6904761904761905,0.6521739130434783
2023-03-28 07:10:58,0.6428571428571429,0.7142857142857143,0.6521739130434783
2023-03-28 07:10:59,0.6428571428571429,0.7142857142857143,0.6521739130434783
2023-03-28 07:11:00,0.6428571428571429,0.7142857142857143,0.6521739130434783
2023-03-28 07:11:01,0.5714285714285714,0.7142857142857143,0.6521739130434783
2023-03-28 07:11:02,0.5238095238095238,0.7142857142857143,0.6521739130434783
2023-03-28 07:11:03,0.5238095238095238,0.7142857142857143,0.6521739130434783
2023-03-28 07:11:04,0.5,0.6666666666666666,0.6521739130434783
2023-03-28 07:11:05,0.5,0.6666666666666666,0.6521739130434783
2023-03-28 07:11:06,0.5,0.6666666666666666,0.6086956521739131
2023-03-28 07:11:07,0.4761904761904761,0.6428571428571429,0.6195652173913043
2023-03-28 07:11:08,0.4761904761904761,0.6190476190476191,0.6304347826086957
2023-03-28 07:11:09,0.4761904761904761,0.6190476190476191,0.6521739130434783
2023-03-28 07:11:10,0.5238095238095238,0.6190476190476191,0.6521739130434783
2023-03-28 07:11:11,0.5238095238095238,0.5952380952380952,0.6521739130434783
2023-03-28 07:11:12,0.5,0.5714285714285714,0.6521739130434783
2023-03-28 07:11:13,0.5238095238095238,0.5595238095238095,0.6521739130434783
2023-03-28 07:11:14,0.5,0.5476190476190477,0.6521739130434783
2023-03-28 07:11:15,0.5,0.5238095238095238,0.6739130434782609
2023-03-28 07:11:16,0.4761904761904761,0.5238095238095238,0.6956521739130435
2023-03-28 07:11:17,0.5,0.5238095238095238,0.6956521739130435
2023-03-28 07:11:18,0.5,0.5238095238095238,0.6956521739130435
2023-03-28 07:11:19,0.5238095238095238,0.5714285714285714,0.7391304347826086
2023-03-28 07:11:20,0.5476190476190477,0.5714285714285714,0.7391304347826086
2023-03-28 07:11:21,0.5476190476190477,0.5714285714285714,0.7391304347826086
2023-03-28 07:11:22,0.5476190476190477,0.5238095238095238,0.7391304347826086
2023-03-28 07:11:23,0.5238095238095238,0.5238095238095238,0.7391304347826086
2023-03-28 07:11:24,0.5,0.5238095238095238,0.7391304347826086
2023-03-28 07:11:25,0.5,0.5476190476190477,0.7391304347826086
2023-03-28 07:11:26,0.5,0.5714285714285714,0.7391304347826086
2023-03-28 07:11:27,0.5,0.6666666666666666,0.7391304347826086
2023-03-28 07:11:28,0.5,0.6904761904761905,0.7391304347826086
2023-03-28 07:11:29,0.5,0.7142857142857143,0.7391304347826086
2023-03-28 07:11:30,0.5,0.7619047619047619,0.7391304347826086
2023-03-28 07:11:31,0.5357142857142857,0.8095238095238095,0.7391304347826086
2023-03-28 07:11:32,0.5714285714285714,0.8571428571428571,0.7391304347826086
2023-03-28 07:11:33,0.5714285714285714,0.8690476190476191,0.7391304347826086
2023-03-28 07:11:34,0.6428571428571429,0.8809523809523809,0.7391304347826086
2023-03-28 07:11:35,0.6428571428571429,0.8928571428571429,0.7391304347826086
2023-03-28 07:11:36,0.6190476190476191,0.9047619047619048,0.7391304347826086
2023-03-28 07:11:37,0.6190476190476191,0.9047619047619048,0.7391304347826086
2023-03-28 07:11:38,0.5714285714285714,0.9047619047619048,0.7391304347826086
2023-03-28 07:11:39,0.4523809523809524,0.8571428571428571,0.7391304347826086
2023-03-28 07:11:40,0.4523809523809524,0.7857142857142857,0.7391304347826086
2023-03-28 07:11:41,0.3809523809523809,0.7142857142857143,0.7391304347826086
2023-03-28 07:11:42,0.3809523809523809,0.6190476190476191,0.7391304347826086
2023-03-28 07:11:43,0.3809523809523809,0.6190476190476191,0.7391304347826086
2023-03-28 07:11:44,0.4285714285714285,0.5714285714285714,0.7391304347826086
2023-03-28 07:11:45,0.4285714285714285,0.5476190476190477,0.7391304347826086
2023-03-28 07:11:46,0.4761904761904761,0.5238095238095238,0.7391304347826086
2023-03-28 07:11:47,0.5476190476190477,0.5238095238095238,0.7391304347826086
2023-03-28 07:11:48,0.5,0.4761904761904761,0.782608695652174
2023-03-28 07:11:49,0.5,0.4761904761904761,0.782608695652174
2023-03-28 07:11:50,0.5,0.4761904761904761,0.782608695652174
2023-03-28 07:11:51,0.5,0.4761904761904761,0.782608695652174
2023-03-28 07:11:52,0.4285714285714285,0.4523809523809524,0.782608695652174
2023-03-28 07:11:53,0.3333333333333333,0.4285714285714285,0.782608695652174
2023-03-28 07:11:54,0.3333333333333333,0.4285714285714285,0.782608695652174
2023-03-28 07:11:55,0.3333333333333333,0.4285714285714285,0.782608695652174
2023-03-28 07:11:56,0.3333333333333333,0.4285714285714285,0.782608695652174
2023-03-28 07:11:57,0.3333333333333333,0.4285714285714285,0.782608695652174
2023-03-28 07:11:58,0.3571428571428571,0.3809523809523809,0.7391304347826086
2023-03-28 07:11:59,0.3571428571428571,0.3809523809523809,0.7391304347826086
2023-03-28 07:12:00,0.4047619047619047,0.3809523809523809,0.7391304347826086
2023-03-28 07:12:01,0.4761904761904761,0.3809523809523809,0.7391304347826086
2023-03-28 07:12:02,0.4761904761904761,0.3809523809523809,0.7391304347826086
2023-03-28 07:12:03,0.4761904761904761,0.3809523809523809,0.6956521739130435
2023-03-28 07:12:04,0.4761904761904761,0.3809523809523809,0.6956521739130435
2023-03-28 07:12:05,0.4761904761904761,0.3809523809523809,0.6956521739130435
2023-03-28 07:12:06,0.4523809523809524,0.3809523809523809,0.6521739130434783
2023-03-28 07:12:07,0.4523809523809524,0.4523809523809524,0.6304347826086957
2023-03-28 07:12:08,0.4801587301587303,0.4761904761904761,0.5869565217391305
2023-03-28 07:12:09,0.5079365079365078,0.4761904761904761,0.5652173913043478
2023-03-28 07:12:10,0.5357142857142857,0.5714285714285714,0.5217391304347826
2023-03-28 07:12:11,0.5952380952380952,0.6190476190476191,0.4782608695652174
2023-03-28 07:12:12,0.5952380952380952,0.6190476190476191,0.4782608695652174
2023-03-28 07:12:13,0.5952380952380952,0.6190476190476191,0.4347826086956521
2023-03-28 07:12:14,0.5952380952380952,0.6190476190476191,0.3478260869565217
2023-03-28 07:12:15,0.5,0.6190476190476191,0.3043478260869565
2023-03-28 07:12:16,0.5,0.6190476190476191,0.2608695652173913
2023-03-28 07:12:17,0.5,0.6190476190476191,0.217391304347826
2023-03-28 07:12:18,0.4047619047619047,0.6190476190476191,0.1739130434782608
2023-03-28 07:12:19,0.3333333333333333,0.5714285714285714,0.1739130434782608
2023-03-28 07:12:20,0.4047619047619047,0.5714285714285714,0.1739130434782608
2023-03-28 07:12:21,0.3928571428571428,0.5714285714285714,0.1739130434782608
2023-03-28 07:12:22,0.3809523809523809,0.5476190476190477,0.1956521739130435
2023-03-28 07:12:23,0.3809523809523809,0.5238095238095238,0.217391304347826
2023-03-28 07:12:24,0.4285714285714285,0.4761904761904761,0.3043478260869565
2023-03-28 07:12:25,0.4285714285714285,0.4761904761904761,0.3478260869565217
2023-03-28 07:12:26,0.3809523809523809,0.4285714285714285,0.391304347826087
2023-03-28 07:12:27,0.3809523809523809,0.3809523809523809,0.4347826086956521
2023-03-28 07:12:28,0.3571428571428571,0.3809523809523809,0.4347826086956521
2023-03-28 07:12:29,0.3571428571428571,0.3809523809523809,0.4782608695652174
2023-03-28 07:12:30,0.3809523809523809,0.3809523809523809,0.5652173913043478
2023-03-28 07:12:31,0.3809523809523809,0.3809523809523809,0.6086956521739131
2023-03-28 07:12:32,0.3809523809523809,0.3809523809523809,0.6521739130434783
2023-03-28 07:12:33,0.3809523809523809,0.4285714285714285,0.6956521739130435
2023-03-28 07:12:34,0.3809523809523809,0.4761904761904761,0.7391304347826086
2023-03-28 07:12:35,0.3571428571428571,0.5238095238095238,0.7391304347826086
2023-03-28 07:12:36,0.3571428571428571,0.5238095238095238,0.7391304347826086
2023-03-28 07:12:37,0.3571428571428571,0.5714285714285714,0.7391304347826086
2023-03-28 07:12:38,0.3571428571428571,0.5714285714285714,0.7391304347826086
2023-03-28 07:12:39,0.3095238095238095,0.5714285714285714,0.7391304347826086
2023-03-28 07:12:40,0.3095238095238095,0.5714285714285714,0.7391304347826086
2023-03-28 07:12:41,0.3095238095238095,0.5714285714285714,0.7391304347826086
2023-03-28 07:12:42,0.3095238095238095,0.5714285714285714,0.7391304347826086
2023-03-28 07:12:43,0.3809523809523809,0.5714285714285714,0.7391304347826086
2023-03-28 07:12:44,0.3809523809523809,0.5714285714285714,0.7608695652173914
2023-03-28 07:12:45,0.3571428571428571,0.5714285714285714,0.782608695652174
2023-03-28 07:12:46,0.3571428571428571,0.5714285714285714,0.782608695652174
2023-03-28 07:12:47,0.3809523809523809,0.5714285714285714,0.782608695652174
2023-03-28 07:12:48,0.3809523809523809,0.5238095238095238,0.782608695652174
2023-03-28 07:12:49,0.3333333333333333,0.4285714285714285,0.782608695652174
2023-03-28 07:12:50,0.3333333333333333,0.4285714285714285,0.782608695652174
2023-03-28 07:12:51,0.3333333333333333,0.3809523809523809,0.782608695652174
2023-03-28 07:12:52,0.3333333333333333,0.3809523809523809,0.782608695652174
2023-03-28 07:12:53,0.3333333333333333,0.3809523809523809,0.782608695652174
2023-03-28 07:12:54,0.3333333333333333,0.3809523809523809,0.782608695652174
2023-03-28 07:12:55,0.3095238095238095,0.3571428571428571,0.782608695652174
2023-03-28 07:12:56,0.2619047619047619,0.3333333333333333,0.782608695652174
2023-03-28 07:12:57,0.238095238095238,0.2857142857142857,0.782608695652174
2023-03-28 07:12:58,0.238095238095238,0.2857142857142857,0.782608695652174
2023-03-28 07:12:59,0.238095238095238,0.2857142857142857,0.782608695652174
2023-03-28 07:13:00,0.238095238095238,0.238095238095238,0.782608695652174
2023-03-28 07:13:01,0.238095238095238,0.238095238095238,0.782608695652174
2023-03-28 07:13:02,0.238095238095238,0.2142857142857142,0.782608695652174
2023-03-28 07:13:03,0.238095238095238,0.1904761904761904,0.782608695652174
2023-03-28 07:13:04,0.238095238095238,0.1428571428571428,0.782608695652174
2023-03-28 07:13:05,0.238095238095238,0.1428571428571428,0.782608695652174
2023-03-28 07:13:06,0.2857142857142857,0.0952380952380952,0.782608695652174
2023-03-28 07:13:07,0.2857142857142857,0.0952380952380952,0.782608695652174
2023-03-28 07:13:08,0.2857142857142857,0.0952380952380952,0.782608695652174
2023-03-28 07:13:09,0.3333333333333333,0.0952380952380952,0.782608695652174
2023-03-28 07:13:10,0.3333333333333333,0.119047619047619,0.782608695652174
2023-03-28 07:13:11,0.4047619047619047,0.1428571428571428,0.782608695652174
2023-03-28 07:13:12,0.4047619047619047,0.1428571428571428,0.7391304347826086
2023-03-28 07:13:13,0.4047619047619047,0.1428571428571428,0.7391304347826086
2023-03-28 07:13:14,0.3809523809523809,0.1904761904761904,0.7391304347826086
2023-03-28 07:13:15,0.3809523809523809,0.1904761904761904,0.7391304347826086
2023-03-28 07:13:16,0.3809523809523809,0.1904761904761904,0.7391304347826086
2023-03-28 07:13:17,0.3333333333333333,0.1904761904761904,0.6956521739130435
2023-03-28 07:13:18,0.3333333333333333,0.1904761904761904,0.6956521739130435
2023-03-28 07:13:19,0.3809523809523809,0.238095238095238,0.6956521739130435
2023-03-28 07:13:20,0.3809523809523809,0.238095238095238,0.6956521739130435
2023-03-28 07:13:21,0.3809523809523809,0.238095238095238,0.6956521739130435
2023-03-28 07:13:22,0.3809523809523809,0.238095238095238,0.6956521739130435
2023-03-28 07:13:23,0.3928571428571428,0.2857142857142857,0.6956521739130435
2023-03-28 07:13:24,0.4047619047619047,0.2857142857142857,0.6956521739130435
2023-03-28 07:13:25,0.4047619047619047,0.2857142857142857,0.6956521739130435
2023-03-28 07:13:26,0.4047619047619047,0.2857142857142857,0.6956521739130435
2023-03-28 07:13:27,0.4047619047619047,0.2857142857142857,0.6956521739130435
2023-03-28 07:13:28,0.4761904761904761,0.3809523809523809,0.6956521739130435
2023-03-28 07:13:29,0.4880952380952381,0.3809523809523809,0.6956521739130435
2023-03-28 07:13:30,0.5,0.3809523809523809,0.6956521739130435
2023-03-28 07:13:31,0.6428571428571429,0.5,0.6956521739130435
2023-03-28 07:13:32,0.6428571428571429,0.5238095238095238,0.6956521739130435
2023-03-28 07:13:33,0.6428571428571429,0.6190476190476191,0.6521739130434783
2023-03-28 07:13:34,0.6428571428571429,0.6666666666666666,0.6086956521739131
2023-03-28 07:13:35,0.6428571428571429,0.6666666666666666,0.6086956521739131
2023-03-28 07:13:36,0.5952380952380952,0.6904761904761905,0.6086956521739131
2023-03-28 07:13:37,0.5238095238095238,0.7142857142857143,0.6086956521739131
2023-03-28 07:13:38,0.5238095238095238,0.7142857142857143,0.6086956521739131
2023-03-28 07:13:39,0.5238095238095238,0.7142857142857143,0.6086956521739131
2023-03-28 07:13:40,0.5238095238095238,0.7142857142857143,0.5652173913043478
2023-03-28 07:13:41,0.4285714285714285,0.6666666666666666,0.5652173913043478
2023-03-28 07:13:42,0.4285714285714285,0.6666666666666666,0.5652173913043478
2023-03-28 07:13:43,0.3571428571428571,0.5714285714285714,0.5652173913043478
2023-03-28 07:13:44,0.3571428571428571,0.5714285714285714,0.5652173913043478
2023-03-28 07:13:45,0.3333333333333333,0.5238095238095238,0.5652173913043478
2023-03-28 07:13:46,0.3095238095238095,0.4761904761904761,0.5652173913043478
2023-03-28 07:13:47,0.3095238095238095,0.3809523809523809,0.6086956521739131
2023-03-28 07:13:48,0.3095238095238095,0.3571428571428571,0.6304347826086957
2023-03-28 07:13:49,0.3095238095238095,0.3333333333333333,0.6521739130434783
2023-03-28 07:13:50,0.3809523809523809,0.2857142857142857,0.6521739130434783
2023-03-28 07:13:51,0.3809523809523809,0.2857142857142857,0.6521739130434783
2023-03-28 07:13:52,0.4285714285714285,0.238095238095238,0.6086956521739131
2023-03-28 07:13:53,0.4285714285714285,0.238095238095238,0.6086956521739131
2023-03-28 07:13:54,0.4285714285714285,0.238095238095238,0.6086956521739131
2023-03-28 07:13:55,0.4285714285714285,0.2857142857142857,0.6086956521739131
2023-03-28 07:13:56,0.4761904761904761,0.2857142857142857,0.6086956521739131
2023-03-28 07:13:57,0.5595238095238095,0.3571428571428571,0.6086956521739131
2023-03-28 07:13:58,0.6428571428571429,0.4285714285714285,0.6086956521739131
2023-03-28 07:13:59,0.6428571428571429,0.4285714285714285,0.6086956521739131
2023-03-28 07:14:00,0.6428571428571429,0.5238095238095238,0.5652173913043478
2023-03-28 07:14:01,0.6428571428571429,0.5238095238095238,0.5652173913043478
2023-03-28 07:14:02,0.6428571428571429,0.5714285714285714,0.5652173913043478
2023-03-28 07:14:03,0.6666666666666666,0.6190476190476191,0.5217391304347826
2023-03-28 07:14:04,0.6666666666666666,0.6666666666666666,0.5217391304347826
2023-03-28 07:14:05,0.6904761904761905,0.7142857142857143,0.5217391304347826
2023-03-28 07:14:06,0.7380952380952381,0.7619047619047619,0.4782608695652174
2023-03-28 07:14:07,0.7380952380952381,0.8095238095238095,0.4782608695652174
2023-03-28 07:14:08,0.7380952380952381,0.8095238095238095,0.4565217391304347
2023-03-28 07:14:09,0.7380952380952381,0.8095238095238095,0.4347826086956521
2023-03-28 07:14:10,0.5952380952380952,0.7857142857142857,0.391304347826087
2023-03-28 07:14:11,0.4047619047619047,0.7619047619047619,0.3043478260869565
2023-03-28 07:14:12,0.3809523809523809,0.7142857142857143,0.3043478260869565
2023-03-28 07:14:13,0.3571428571428571,0.7142857142857143,0.2608695652173913
2023-03-28 07:14:14,0.3571428571428571,0.7142857142857143,0.2608695652173913
2023-03-28 07:14:15,0.3333333333333333,0.6666666666666666,0.217391304347826
2023-03-28 07:14:16,0.3333333333333333,0.6428571428571429,0.217391304347826
2023-03-28 07:14:17,0.3333333333333333,0.6190476190476191,0.217391304347826
2023-03-28 07:14:18,0.3214285714285714,0.5238095238095238,0.217391304347826
2023-03-28 07:14:19,0.3095238095238095,0.4761904761904761,0.2391304347826087
2023-03-28 07:14:20,0.3095238095238095,0.4285714285714285,0.2608695652173913
2023-03-28 07:14:21,0.3095238095238095,0.3333333333333333,0.2608695652173913
2023-03-28 07:14:22,0.3333333333333333,0.3333333333333333,0.3043478260869565
2023-03-28 07:14:23,0.3333333333333333,0.3095238095238095,0.3260869565217391
2023-03-28 07:14:24,0.3809523809523809,0.2857142857142857,0.3478260869565217
2023-03-28 07:14:25,0.3809523809523809,0.2857142857142857,0.391304347826087
2023-03-28 07:14:26,0.3809523809523809,0.2857142857142857,0.4782608695652174
2023-03-28 07:14:27,0.3809523809523809,0.2857142857142857,0.5217391304347826
2023-03-28 07:14:28,0.3809523809523809,0.2857142857142857,0.5652173913043478
2023-03-28 07:14:29,0.3809523809523809,0.2857142857142857,0.6086956521739131
2023-03-28 07:14:30,0.4047619047619047,0.2857142857142857,0.6086956521739131
2023-03-28 07:14:31,0.4047619047619047,0.3333333333333333,0.6521739130434783
2023-03-28 07:14:32,0.4047619047619047,0.3333333333333333,0.6521739130434783
2023-03-28 07:14:33,0.4285714285714285,0.3333333333333333,0.6521739130434783
2023-03-28 07:14:34,0.4285714285714285,0.3809523809523809,0.6521739130434783
2023-03-28 07:14:35,0.4523809523809524,0.3809523809523809,0.6521739130434783
2023-03-28 07:14:36,0.4047619047619047,0.3809523809523809,0.6521739130434783
2023-03-28 07:14:37,0.4047619047619047,0.3333333333333333,0.6521739130434783
2023-03-28 07:14:38,0.4285714285714285,0.3809523809523809,0.6956521739130435
2023-03-28 07:14:39,0.4285714285714285,0.3809523809523809,0.6956521739130435
2023-03-28 07:14:40,0.4285714285714285,0.3809523809523809,0.6956521739130435
2023-03-28 07:14:41,0.3809523809523809,0.3809523809523809,0.6956521739130435
2023-03-28 07:14:42,0.4047619047619047,0.3809523809523809,0.6956521739130435
2023-03-28 07:14:43,0.4047619047619047,0.3809523809523809,0.6956521739130435
2023-03-28 07:14:44,0.4047619047619047,0.3809523809523809,0.6956521739130435
2023-03-28 07:14:45,0.3809523809523809,0.3809523809523809,0.6956521739130435
2023-03-28 07:14:46,0.3809523809523809,0.3809523809523809,0.6956521739130435
2023-03-28 07:14:47,0.4047619047619047,0.3809523809523809,0.6956521739130435
2023-03-28 07:14:48,0.4047619047619047,0.3809523809523809,0.6956521739130435
2023-03-28 07:14:49,0.4285714285714285,0.3809523809523809,0.6956521739130435
2023-03-28 07:14:50,0.4523809523809524,0.3809523809523809,0.6956521739130435
2023-03-28 07:14:51,0.4047619047619047,0.3809523809523809,0.6956521739130435
2023-03-28 07:14:52,0.4523809523809524,0.3809523809523809,0.6956521739130435
2023-03-28 07:14:53,0.4523809523809524,0.3809523809523809,0.6956521739130435
2023-03-28 07:14:54,0.4285714285714285,0.3809523809523809,0.6956521739130435
2023-03-28 07:14:55,0.4285714285714285,0.4047619047619047,0.6956521739130435
2023-03-28 07:14:56,0.4285714285714285,0.4285714285714285,0.6956521739130435
2023-03-28 07:14:57,0.4523809523809524,0.4285714285714285,0.6956521739130435
2023-03-28 07:14:58,0.4603174603174602,0.4285714285714285,0.6956521739130435
2023-03-28 07:14:59,0.4682539682539683,0.4285714285714285,0.6956521739130435
2023-03-28 07:15:00,0.4761904761904761,0.4761904761904761,0.6956521739130435
2023-03-28 07:15:01,0.5476190476190477,0.5238095238095238,0.6956521739130435
2023-03-28 07:15:02,0.6190476190476191,0.5714285714285714,0.6956521739130435
2023-03-28 07:15:03,0.6190476190476191,0.5714285714285714,0.6956521739130435
2023-03-28 07:15:04,0.6190476190476191,0.5714285714285714,0.6956521739130435
2023-03-28 07:15:05,0.6190476190476191,0.5714285714285714,0.6956521739130435
2023-03-28 07:15:06,0.5238095238095238,0.5714285714285714,0.6956521739130435
2023-03-28 07:15:07,0.5238095238095238,0.5714285714285714,0.6956521739130435
2023-03-28 07:15:08,0.4047619047619047,0.5714285714285714,0.6956521739130435
2023-03-28 07:15:09,0.4047619047619047,0.5714285714285714,0.6956521739130435
2023-03-28 07:15:10,0.4166666666666667,0.5714285714285714,0.6956521739130435
2023-03-28 07:15:11,0.4285714285714285,0.5714285714285714,0.6956521739130435
2023-03-28 07:15:12,0.4761904761904761,0.5238095238095238,0.6956521739130435
2023-03-28 07:15:13,0.4761904761904761,0.5238095238095238,0.6956521739130435
2023-03-28 07:15:14,0.4761904761904761,0.4761904761904761,0.6521739130434783
2023-03-28 07:15:15,0.4523809523809524,0.4285714285714285,0.6521739130434783
2023-03-28 07:15:16,0.4523809523809524,0.4285714285714285,0.6521739130434783
2023-03-28 07:15:17,0.4523809523809524,0.4285714285714285,0.6521739130434783
2023-03-28 07:15:18,0.4523809523809524,0.4285714285714285,0.6521739130434783
2023-03-28 07:15:19,0.4285714285714285,0.4285714285714285,0.6521739130434783
2023-03-28 07:15:20,0.4285714285714285,0.4285714285714285,0.6086956521739131
2023-03-28 07:15:21,0.4285714285714285,0.4285714285714285,0.6086956521739131
2023-03-28 07:15:22,0.4285714285714285,0.4285714285714285,0.6086956521739131
2023-03-28 07:15:23,0.4285714285714285,0.4285714285714285,0.5652173913043478
2023-03-28 07:15:24,0.4404761904761904,0.4285714285714285,0.5652173913043478
2023-03-28 07:15:25,0.4365079365079364,0.4285714285714285,0.5652173913043478
2023-03-28 07:15:26,0.4325396825396826,0.3809523809523809,0.5652173913043478
2023-03-28 07:15:27,0.4285714285714285,0.3809523809523809,0.5652173913043478
2023-03-28 07:15:28,0.4047619047619047,0.3809523809523809,0.5652173913043478
2023-03-28 07:15:29,0.4285714285714285,0.3809523809523809,0.5652173913043478
2023-03-28 07:15:30,0.4285714285714285,0.3809523809523809,0.5652173913043478
2023-03-28 07:15:31,0.4047619047619047,0.3809523809523809,0.5652173913043478
2023-03-28 07:15:32,0.3809523809523809,0.3809523809523809,0.5652173913043478
2023-03-28 07:15:33,0.3809523809523809,0.3809523809523809,0.5652173913043478
2023-03-28 07:15:34,0.3571428571428571,0.3809523809523809,0.6086956521739131
2023-03-28 07:15:35,0.3571428571428571,0.3333333333333333,0.6086956521739131
2023-03-28 07:15:36,0.3571428571428571,0.3333333333333333,0.6086956521739131
2023-03-28 07:15:37,0.3333333333333333,0.2857142857142857,0.6086956521739131
2023-03-28 07:15:38,0.3095238095238095,0.238095238095238,0.6086956521739131
2023-03-28 07:15:39,0.3095238095238095,0.238095238095238,0.6086956521739131
2023-03-28 07:15:40,0.3095238095238095,0.238095238095238,0.6086956521739131
2023-03-28 07:15:41,0.3214285714285714,0.238095238095238,0.6086956521739131
2023-03-28 07:15:42,0.3511904761904761,0.238095238095238,0.6521739130434783
2023-03-28 07:15:43,0.3809523809523809,0.238095238095238,0.6521739130434783
2023-03-28 07:15:44,0.3571428571428571,0.238095238095238,0.6521739130434783
2023-03-28 07:15:45,0.3571428571428571,0.238095238095238,0.6521739130434783
2023-03-28 07:15:46,0.3809523809523809,0.238095238095238,0.6521739130434783
2023-03-28 07:15:47,0.3809523809523809,0.238095238095238,0.6521739130434783
2023-03-28 07:15:48,0.3809523809523809,0.238095238095238,0.6521739130434783
2023-03-28 07:15:49,0.3809523809523809,0.238095238095238,0.6521739130434783
2023-03-28 07:15:50,0.3809523809523809,0.238095238095238,0.6521739130434783
2023-03-28 07:15:51,0.3809523809523809,0.2857142857142857,0.6521739130434783
2023-03-28 07:15:52,0.3928571428571428,0.2857142857142857,0.6521739130434783
2023-03-28 07:15:53,0.4047619047619047,0.3333333333333333,0.6521739130434783
2023-03-28 07:15:54,0.4047619047619047,0.3333333333333333,0.6521739130434783
2023-03-28 07:15:55,0.4523809523809524,0.3333333333333333,0.6521739130434783
2023-03-28 07:15:56,0.4404761904761904,0.3333333333333333,0.6521739130434783
2023-03-28 07:15:57,0.4285714285714285,0.3333333333333333,0.6521739130434783
2023-03-28 07:15:58,0.4285714285714285,0.3333333333333333,0.6521739130434783
2023-03-28 07:15:59,0.4047619047619047,0.3333333333333333,0.6521739130434783
2023-03-28 07:16:00,0.4285714285714285,0.3333333333333333,0.6521739130434783
2023-03-28 07:16:01,0.4523809523809524,0.3809523809523809,0.6521739130434783
2023-03-28 07:16:02,0.4523809523809524,0.3809523809523809,0.6521739130434783
2023-03-28 07:16:03,0.4523809523809524,0.3809523809523809,0.6521739130434783
2023-03-28 07:16:04,0.4523809523809524,0.3809523809523809,0.6521739130434783
2023-03-28 07:16:05,0.4523809523809524,0.3809523809523809,0.6086956521739131
2023-03-28 07:16:06,0.4761904761904761,0.3809523809523809,0.6521739130434783
2023-03-28 07:16:07,0.5,0.4285714285714285,0.6521739130434783
2023-03-28 07:16:08,0.5238095238095238,0.4285714285714285,0.6521739130434783
2023-03-28 07:16:09,0.5714285714285714,0.4761904761904761,0.6086956521739131
2023-03-28 07:16:10,0.5714285714285714,0.5238095238095238,0.6086956521739131
2023-03-28 07:16:11,0.6190476190476191,0.5714285714285714,0.6086956521739131
2023-03-28 07:16:12,0.6190476190476191,0.6190476190476191,0.6086956521739131
2023-03-28 07:16:13,0.6190476190476191,0.6190476190476191,0.6086956521739131
2023-03-28 07:16:14,0.5476190476190477,0.6666666666666666,0.6086956521739131
2023-03-28 07:16:15,0.5,0.6666666666666666,0.6086956521739131
2023-03-28 07:16:16,0.5,0.6428571428571429,0.6086956521739131
2023-03-28 07:16:17,0.4761904761904761,0.6190476190476191,0.6086956521739131
2023-03-28 07:16:18,0.4285714285714285,0.6190476190476191,0.6086956521739131
2023-03-28 07:16:19,0.4285714285714285,0.6190476190476191,0.6086956521739131
2023-03-28 07:16:20,0.4285714285714285,0.5714285714285714,0.6086956521739131
2023-03-28 07:16:21,0.3333333333333333,0.5714285714285714,0.6086956521739131
2023-03-28 07:16:22,0.3333333333333333,0.5238095238095238,0.6086956521739131
2023-03-28 07:16:23,0.3095238095238095,0.4761904761904761,0.6521739130434783
2023-03-28 07:16:24,0.3095238095238095,0.4285714285714285,0.6521739130434783
2023-03-28 07:16:25,0.3095238095238095,0.3809523809523809,0.6521739130434783
2023-03-28 07:16:26,0.2857142857142857,0.3809523809523809,0.6521739130434783
2023-03-28 07:16:27,0.2857142857142857,0.2857142857142857,0.6521739130434783
2023-03-28 07:16:28,0.2857142857142857,0.238095238095238,0.6521739130434783
2023-03-28 07:16:29,0.2857142857142857,0.238095238095238,0.6521739130434783
2023-03-28 07:16:30,0.2857142857142857,0.1904761904761904,0.6086956521739131
2023-03-28 07:16:31,0.2857142857142857,0.1904761904761904,0.6086956521739131
2023-03-28 07:16:32,0.2857142857142857,0.1904761904761904,0.6086956521739131
2023-03-28 07:16:33,0.2857142857142857,0.1904761904761904,0.5652173913043478
2023-03-28 07:16:34,0.3095238095238095,0.238095238095238,0.5217391304347826
2023-03-28 07:16:35,0.3809523809523809,0.238095238095238,0.4782608695652174
2023-03-28 07:16:36,0.3809523809523809,0.238095238095238,0.4565217391304347
2023-03-28 07:16:37,0.3809523809523809,0.238095238095238,0.4347826086956521
2023-03-28 07:16:38,0.4523809523809524,0.2857142857142857,0.3478260869565217
2023-03-28 07:16:39,0.4523809523809524,0.2857142857142857,0.3478260869565217
2023-03-28 07:16:40,0.4523809523809524,0.3333333333333333,0.3478260869565217
2023-03-28 07:16:41,0.4523809523809524,0.3333333333333333,0.3478260869565217
2023-03-28 07:16:42,0.4761904761904761,0.3809523809523809,0.3043478260869565
2023-03-28 07:16:43,0.5,0.3809523809523809,0.3043478260869565
2023-03-28 07:16:44,0.5476190476190477,0.4761904761904761,0.217391304347826
2023-03-28 07:16:45,0.5952380952380952,0.5238095238095238,0.217391304347826
2023-03-28 07:16:46,0.5952380952380952,0.5476190476190477,0.217391304347826
2023-03-28 07:16:47,0.5952380952380952,0.5714285714285714,0.217391304347826
2023-03-28 07:16:48,0.6904761904761905,0.6666666666666666,0.217391304347826
2023-03-28 07:16:49,0.6904761904761905,0.7142857142857143,0.217391304347826
2023-03-28 07:16:50,0.6904761904761905,0.7619047619047619,0.1739130434782608
2023-03-28 07:16:51,0.6904761904761905,0.7619047619047619,0.1739130434782608
2023-03-28 07:16:52,0.5,0.7619047619047619,0.0869565217391304
2023-03-28 07:16:53,0.5,0.7619047619047619,0.0434782608695652
2023-03-28 07:16:54,0.5,0.8095238095238095,0.0
2023-03-28 07:16:55,0.5,0.8095238095238095,0.0
2023-03-28 07:16:56,0.4761904761904761,0.8095238095238095,0.0
